threshold,accuracy,precision,recall,f1,far,frr
0.0,0.5,0.5,1.0,0.6666666666666666,1.0,0.0
3.993301782995173e-12,0.5,0.5,1.0,0.6666666666666666,1.0,0.0
4.966371498077438e-12,0.502,0.501002004008016,1.0,0.6675567423230975,0.996,0.0
9.090997052374483e-12,0.504,0.5020080321285141,1.0,0.6684491978609626,0.992,0.0
1.2102333024621714e-11,0.506,0.5030181086519114,1.0,0.6693440428380187,0.988,0.0
3.097685996600319e-11,0.508,0.5040322580645161,1.0,0.6702412868632708,0.984,0.0
3.766066278276803e-11,0.51,0.5050505050505051,1.0,0.6711409395973155,0.98,0.0
6.097405913507714e-11,0.512,0.5060728744939271,1.0,0.6720430107526881,0.976,0.0
6.986630718408549e-11,0.514,0.5070993914807302,1.0,0.6729475100942126,0.972,0.0
8.39855476830742e-11,0.516,0.508130081300813,1.0,0.6738544474393531,0.968,0.0
8.771427334464121e-11,0.518,0.5091649694501018,1.0,0.6747638326585695,0.964,0.0
1.0728665872372645e-10,0.52,0.5102040816326531,1.0,0.6756756756756757,0.96,0.0
1.2398558568715856e-10,0.522,0.5112474437627812,1.0,0.6765899864682002,0.956,0.0
1.3678480570433749e-10,0.524,0.5122950819672131,1.0,0.6775067750677507,0.952,0.0
1.428007434522982e-10,0.526,0.5133470225872689,1.0,0.6784260515603799,0.948,0.0
1.514890435316829e-10,0.528,0.51440329218107,1.0,0.6793478260869565,0.944,0.0
1.9059527567311108e-10,0.53,0.5154639175257731,1.0,0.6802721088435374,0.94,0.0
2.4722182634384637e-10,0.532,0.5165289256198347,1.0,0.6811989100817438,0.936,0.0
3.08852027286477e-10,0.534,0.5175983436853002,1.0,0.6821282401091405,0.932,0.0
3.991211527942795e-10,0.536,0.5186721991701245,1.0,0.6830601092896175,0.928,0.0
6.721121992292467e-10,0.538,0.5197505197505198,1.0,0.6839945280437757,0.924,0.0
6.783313910574407e-10,0.54,0.5208333333333334,1.0,0.684931506849315,0.92,0.0
8.324589351182965e-10,0.542,0.5219206680584552,1.0,0.6858710562414266,0.916,0.0
9.245677001779029e-10,0.544,0.5230125523012552,1.0,0.6868131868131868,0.912,0.0
2.837821755363734e-09,0.546,0.5241090146750524,1.0,0.687757909215956,0.908,0.0
3.293437744744665e-09,0.548,0.5252100840336135,1.0,0.6887052341597796,0.904,0.0
4.5989700936388545e-09,0.55,0.5263157894736842,1.0,0.6896551724137931,0.9,0.0
5.086791432518112e-09,0.552,0.5274261603375527,1.0,0.6906077348066298,0.896,0.0
5.1061359584991806e-09,0.554,0.5285412262156448,1.0,0.6915629322268326,0.892,0.0
5.255334833975667e-09,0.556,0.5296610169491526,1.0,0.6925207756232687,0.888,0.0
5.662011748341911e-09,0.558,0.5307855626326964,1.0,0.6934812760055479,0.884,0.0
7.2127503969454665e-09,0.56,0.5319148936170213,1.0,0.6944444444444444,0.88,0.0
7.2387846827837166e-09,0.562,0.5330490405117271,1.0,0.6954102920723226,0.876,0.0
1.1207352379472013e-08,0.564,0.5341880341880342,1.0,0.6963788300835655,0.872,0.0
1.4257282465734988e-08,0.566,0.5353319057815846,1.0,0.697350069735007,0.868,0.0
1.4476416509978662e-08,0.568,0.5364806866952789,1.0,0.6983240223463687,0.864,0.0
1.6302617922292484e-08,0.57,0.5376344086021505,1.0,0.6993006993006993,0.86,0.0
1.674067995338646e-08,0.572,0.5387931034482759,1.0,0.7002801120448179,0.856,0.0
1.966445140055839e-08,0.574,0.5399568034557235,1.0,0.7012622720897616,0.852,0.0
2.0562819003089317e-08,0.576,0.5411255411255411,1.0,0.702247191011236,0.848,0.0
2.1617863055212183e-08,0.578,0.5422993492407809,1.0,0.7032348804500703,0.844,0.0
2.2990423786950487e-08,0.58,0.5434782608695652,1.0,0.704225352112676,0.84,0.0
2.4105474949465133e-08,0.582,0.5446623093681917,1.0,0.7052186177715092,0.836,0.0
2.4504517526224845e-08,0.584,0.5458515283842795,1.0,0.7062146892655368,0.832,0.0
2.5349878640668067e-08,0.586,0.5470459518599562,1.0,0.7072135785007072,0.828,0.0
2.5576246898140198e-08,0.588,0.5482456140350878,1.0,0.7082152974504249,0.824,0.0
2.561598755335126e-08,0.59,0.5494505494505495,1.0,0.7092198581560284,0.82,0.0
3.079869514976963e-08,0.592,0.5506607929515418,1.0,0.7102272727272727,0.816,0.0
3.574033158315615e-08,0.594,0.5518763796909493,1.0,0.7112375533428165,0.812,0.0
3.684153071503715e-08,0.596,0.5530973451327433,1.0,0.7122507122507122,0.808,0.0
3.999011610744674e-08,0.598,0.5543237250554324,1.0,0.7132667617689016,0.804,0.0
4.359821303978606e-08,0.6,0.5555555555555556,1.0,0.7142857142857143,0.8,0.0
4.850798163147374e-08,0.602,0.5567928730512249,1.0,0.7153075822603719,0.796,0.0
4.989205137917452e-08,0.604,0.5580357142857143,1.0,0.7163323782234957,0.792,0.0
5.176457307243254e-08,0.606,0.5592841163310962,1.0,0.7173601147776184,0.788,0.0
5.231704847119545e-08,0.608,0.5605381165919282,1.0,0.7183908045977011,0.784,0.0
5.918977308283502e-08,0.61,0.5617977528089888,1.0,0.7194244604316546,0.78,0.0
6.437745980747422e-08,0.612,0.5630630630630631,1.0,0.7204610951008645,0.776,0.0
6.818549991294276e-08,0.614,0.5643340857787811,1.0,0.7215007215007215,0.772,0.0
6.84434908748699e-08,0.616,0.5656108597285068,1.0,0.7225433526011561,0.768,0.0
7.707913596277649e-08,0.618,0.5668934240362812,1.0,0.723589001447178,0.764,0.0
1.0829813845703029e-07,0.62,0.5681818181818182,1.0,0.7246376811594203,0.76,0.0
1.1118633125306587e-07,0.622,0.5694760820045558,1.0,0.7256894049346879,0.756,0.0
1.1349385431458359e-07,0.624,0.5707762557077626,1.0,0.7267441860465116,0.752,0.0
1.1501822427817388e-07,0.626,0.5720823798627003,1.0,0.727802037845706,0.748,0.0
1.1689391499203339e-07,0.628,0.573394495412844,1.0,0.7288629737609329,0.744,0.0
1.1713451186778912e-07,0.63,0.5747126436781609,1.0,0.7299270072992701,0.74,0.0
1.3105800178436766e-07,0.632,0.576036866359447,1.0,0.7309941520467836,0.736,0.0
1.5195081459751236e-07,0.634,0.5773672055427251,1.0,0.7320644216691069,0.732,0.0
1.5356567928392906e-07,0.636,0.5787037037037037,1.0,0.7331378299120235,0.728,0.0
1.6343116726602602e-07,0.638,0.580046403712297,1.0,0.7342143906020558,0.724,0.0
1.729739835809596e-07,0.64,0.5813953488372093,1.0,0.7352941176470589,0.72,0.0
1.8012022451330267e-07,0.642,0.5827505827505828,1.0,0.7363770250368189,0.716,0.0
1.8546073476954916e-07,0.644,0.5841121495327103,1.0,0.7374631268436578,0.712,0.0
1.8831772763405752e-07,0.646,0.585480093676815,1.0,0.7385524372230429,0.708,0.0
1.942318306191737e-07,0.648,0.5868544600938967,1.0,0.7396449704142012,0.704,0.0
2.3536865967344056e-07,0.65,0.5882352941176471,1.0,0.7407407407407407,0.7,0.0
2.484779599853937e-07,0.652,0.589622641509434,1.0,0.7418397626112759,0.696,0.0
2.8314735800449853e-07,0.654,0.5910165484633569,1.0,0.7429420505200595,0.692,0.0
3.01672173463885e-07,0.656,0.5924170616113744,1.0,0.7440476190476191,0.688,0.0
3.159240122840856e-07,0.658,0.5938242280285035,1.0,0.7451564828614009,0.684,0.0
4.0488140484740143e-07,0.66,0.5952380952380952,1.0,0.746268656716418,0.68,0.0
4.944212719237839e-07,0.662,0.5966587112171837,1.0,0.7473841554559043,0.676,0.0
6.050651109035243e-07,0.664,0.5980861244019139,1.0,0.7485029940119761,0.672,0.0
6.392218097062141e-07,0.666,0.5995203836930456,1.0,0.7496251874062968,0.668,0.0
6.629817903558433e-07,0.668,0.6009615384615384,1.0,0.7507507507507507,0.664,0.0
7.667317163395637e-07,0.67,0.6024096385542169,1.0,0.7518796992481203,0.66,0.0
7.767446277284762e-07,0.672,0.6038647342995169,1.0,0.7530120481927711,0.656,0.0
7.777022688060242e-07,0.674,0.6053268765133172,1.0,0.7541478129713424,0.652,0.0
1.3828474720867234e-06,0.676,0.6067961165048543,1.0,0.7552870090634441,0.648,0.0
1.4293191270553507e-06,0.678,0.6082725060827251,1.0,0.75642965204236,0.644,0.0
1.4503883676297846e-06,0.68,0.6097560975609756,1.0,0.7575757575757576,0.64,0.0
1.481484787291265e-06,0.682,0.6112469437652812,1.0,0.7587253414264037,0.636,0.0
1.6337174884029082e-06,0.684,0.6127450980392157,1.0,0.7598784194528876,0.632,0.0
1.6736534007577575e-06,0.686,0.6142506142506142,1.0,0.76103500761035,0.628,0.0
1.84868952146644e-06,0.688,0.6157635467980296,1.0,0.7621951219512195,0.624,0.0
1.8558559986558976e-06,0.69,0.6172839506172839,1.0,0.7633587786259542,0.62,0.0
1.967906200661673e-06,0.692,0.6188118811881188,1.0,0.764525993883792,0.616,0.0
2.0396432773850393e-06,0.694,0.6203473945409429,1.0,0.7656967840735069,0.612,0.0
2.0850768578384304e-06,0.696,0.6218905472636815,1.0,0.7668711656441718,0.608,0.0
2.3170509848569054e-06,0.698,0.6234413965087282,1.0,0.7680491551459293,0.604,0.0
2.342608922845102e-06,0.7,0.625,1.0,0.7692307692307693,0.6,0.0
2.505099701011204e-06,0.702,0.6265664160401002,1.0,0.7704160246533128,0.596,0.0
2.512099854357075e-06,0.704,0.628140703517588,1.0,0.7716049382716049,0.592,0.0
2.518490191505407e-06,0.706,0.6297229219143576,1.0,0.7727975270479135,0.588,0.0
2.54541350841464e-06,0.708,0.6313131313131313,1.0,0.7739938080495357,0.584,0.0
2.6316586172470124e-06,0.71,0.6329113924050633,1.0,0.7751937984496124,0.58,0.0
2.6812863325176295e-06,0.712,0.6345177664974619,1.0,0.7763975155279503,0.576,0.0
2.6871482532442315e-06,0.714,0.6361323155216285,1.0,0.7776049766718507,0.572,0.0
2.7293110633763717e-06,0.716,0.6377551020408163,1.0,0.778816199376947,0.568,0.0
2.761014911811799e-06,0.718,0.639386189258312,1.0,0.7800312012480499,0.564,0.0
2.7620842502074083e-06,0.72,0.6410256410256411,1.0,0.78125,0.56,0.0
2.805559006446856e-06,0.722,0.6426735218508998,1.0,0.7824726134585289,0.556,0.0
2.9179066132201115e-06,0.724,0.6443298969072165,1.0,0.7836990595611285,0.552,0.0
2.93763537229097e-06,0.726,0.6459948320413437,1.0,0.7849293563579278,0.548,0.0
2.9920804536232026e-06,0.728,0.6476683937823834,1.0,0.7861635220125787,0.544,0.0
3.2090899821923813e-06,0.73,0.6493506493506493,1.0,0.7874015748031497,0.54,0.0
3.279393695265753e-06,0.732,0.6510416666666666,1.0,0.7886435331230284,0.536,0.0
3.301705646663322e-06,0.734,0.6527415143603134,1.0,0.7898894154818326,0.532,0.0
3.372700348336366e-06,0.736,0.6544502617801047,1.0,0.7911392405063291,0.528,0.0
3.5889845548808808e-06,0.738,0.6561679790026247,1.0,0.7923930269413629,0.524,0.0
4.0520421862311196e-06,0.74,0.6578947368421053,1.0,0.7936507936507936,0.52,0.0
4.054260898556095e-06,0.742,0.6596306068601583,1.0,0.794912559618442,0.516,0.0
4.23869369114982e-06,0.744,0.6613756613756614,1.0,0.7961783439490446,0.512,0.0
4.2883721107500605e-06,0.746,0.6631299734748011,1.0,0.7974481658692185,0.508,0.0
4.760238425660646e-06,0.748,0.6648936170212766,1.0,0.7987220447284346,0.504,0.0
4.834094397665467e-06,0.75,0.6666666666666666,1.0,0.8,0.5,0.0
5.158272415428655e-06,0.752,0.6684491978609626,1.0,0.8012820512820513,0.496,0.0
5.533910552912857e-06,0.754,0.6702412868632708,1.0,0.8025682182985554,0.492,0.0
6.15099270362407e-06,0.756,0.6720430107526881,1.0,0.8038585209003215,0.488,0.0
6.485406629508361e-06,0.758,0.6738544474393531,1.0,0.8051529790660226,0.484,0.0
6.486476650024997e-06,0.76,0.6756756756756757,1.0,0.8064516129032258,0.48,0.0
6.857932476123096e-06,0.762,0.6775067750677507,1.0,0.8077544426494345,0.476,0.0
6.932461928954581e-06,0.764,0.6793478260869565,1.0,0.8090614886731392,0.472,0.0
6.952615422051167e-06,0.766,0.6811989100817438,1.0,0.8103727714748784,0.468,0.0
7.200071195256896e-06,0.768,0.6830601092896175,1.0,0.8116883116883117,0.464,0.0
8.371579497179482e-06,0.77,0.684931506849315,1.0,0.8130081300813008,0.46,0.0
9.281326128984801e-06,0.772,0.6868131868131868,1.0,0.8143322475570033,0.456,0.0
1.020052695821505e-05,0.774,0.6887052341597796,1.0,0.8156606851549756,0.452,0.0
1.0717074474086985e-05,0.776,0.6906077348066298,1.0,0.8169934640522876,0.448,0.0
1.0998320249200333e-05,0.778,0.6925207756232687,1.0,0.8183306055646481,0.444,0.0
1.2888749552075751e-05,0.78,0.6944444444444444,1.0,0.819672131147541,0.44,0.0
1.3558571481553372e-05,0.782,0.6963788300835655,1.0,0.8210180623973727,0.436,0.0
1.3853321433998644e-05,0.784,0.6983240223463687,1.0,0.8223684210526315,0.432,0.0
1.4569535778719e-05,0.786,0.7002801120448179,1.0,0.8237232289950577,0.428,0.0
1.5022928891994525e-05,0.788,0.702247191011236,1.0,0.8250825082508251,0.424,0.0
1.5432073269039392e-05,0.79,0.704225352112676,1.0,0.8264462809917356,0.42,0.0
1.623944081075024e-05,0.792,0.7062146892655368,1.0,0.8278145695364238,0.416,0.0
1.6253556168521754e-05,0.794,0.7082152974504249,1.0,0.8291873963515755,0.412,0.0
1.7807040421757847e-05,0.796,0.7102272727272727,1.0,0.8305647840531561,0.408,0.0
1.8012096916208975e-05,0.798,0.7122507122507122,1.0,0.831946755407654,0.404,0.0
1.845499537012074e-05,0.8,0.7142857142857143,1.0,0.8333333333333334,0.4,0.0
1.876709757198114e-05,0.802,0.7163323782234957,1.0,0.8347245409015025,0.396,0.0
1.9100354620604776e-05,0.804,0.7183908045977011,1.0,0.8361204013377926,0.392,0.0
2.0349480109871365e-05,0.806,0.7204610951008645,1.0,0.8375209380234506,0.388,0.0
2.0600798961822875e-05,0.808,0.7225433526011561,1.0,0.8389261744966443,0.384,0.0
2.1721061784774065e-05,0.81,0.7246376811594203,1.0,0.8403361344537815,0.38,0.0
2.182792013627477e-05,0.812,0.7267441860465116,1.0,0.8417508417508418,0.376,0.0
2.297982427990064e-05,0.814,0.7288629737609329,1.0,0.8431703204047217,0.372,0.0
2.3014894395601004e-05,0.816,0.7309941520467836,1.0,0.8445945945945946,0.368,0.0
2.3074053387972526e-05,0.818,0.7331378299120235,1.0,0.8460236886632826,0.364,0.0
2.354329808440525e-05,0.82,0.7352941176470589,1.0,0.847457627118644,0.36,0.0
2.5648785594967194e-05,0.822,0.7374631268436578,1.0,0.8488964346349746,0.356,0.0
2.816681626427453e-05,0.824,0.7396449704142012,1.0,0.8503401360544217,0.352,0.0
2.8559388738358393e-05,0.826,0.7418397626112759,1.0,0.8517887563884157,0.348,0.0
2.9588030884042382e-05,0.828,0.7440476190476191,1.0,0.8532423208191127,0.344,0.0
3.060090966755524e-05,0.83,0.746268656716418,1.0,0.8547008547008547,0.34,0.0
3.061334427911788e-05,0.832,0.7485029940119761,1.0,0.8561643835616438,0.336,0.0
3.29309405060485e-05,0.834,0.7507507507507507,1.0,0.8576329331046312,0.332,0.0
3.297562579973601e-05,0.836,0.7530120481927711,1.0,0.8591065292096219,0.328,0.0
3.4730466722976416e-05,0.838,0.7552870090634441,1.0,0.8605851979345955,0.324,0.0
3.645290416898206e-05,0.84,0.7575757575757576,1.0,0.8620689655172413,0.32,0.0
4.027826071251184e-05,0.842,0.7598784194528876,1.0,0.8635578583765112,0.316,0.0
4.229949990985915e-05,0.844,0.7621951219512195,1.0,0.8650519031141869,0.312,0.0
4.238017208990641e-05,0.846,0.764525993883792,1.0,0.8665511265164645,0.308,0.0
4.2886091250693426e-05,0.848,0.7668711656441718,1.0,0.8680555555555556,0.304,0.0
4.3420575821073726e-05,0.85,0.7692307692307693,1.0,0.8695652173913043,0.3,0.0
4.367356450529769e-05,0.852,0.7716049382716049,1.0,0.8710801393728222,0.296,0.0
5.238447920419276e-05,0.854,0.7739938080495357,1.0,0.8726003490401396,0.292,0.0
5.8478282880969346e-05,0.856,0.7763975155279503,1.0,0.8741258741258742,0.288,0.0
5.921904812566936e-05,0.858,0.778816199376947,1.0,0.8756567425569177,0.284,0.0
6.626082904404029e-05,0.86,0.78125,1.0,0.8771929824561403,0.28,0.0
6.654471508227289e-05,0.862,0.7836990595611285,1.0,0.8787346221441125,0.276,0.0
6.907340866746381e-05,0.864,0.7861635220125787,1.0,0.8802816901408451,0.272,0.0
7.774571713525802e-05,0.866,0.7886435331230284,1.0,0.8818342151675485,0.268,0.0
8.48147610668093e-05,0.868,0.7911392405063291,1.0,0.8833922261484098,0.264,0.0
8.590130892116576e-05,0.87,0.7936507936507936,1.0,0.8849557522123894,0.26,0.0
9.664084063842893e-05,0.872,0.7961783439490446,1.0,0.8865248226950354,0.256,0.0
0.0001052007864927873,0.874,0.7987220447284346,1.0,0.8880994671403197,0.252,0.0
0.00010523109085625038,0.876,0.8012820512820513,1.0,0.8896797153024911,0.248,0.0
0.00011425893171690404,0.878,0.8038585209003215,1.0,0.8912655971479501,0.244,0.0
0.00012101790343876928,0.88,0.8064516129032258,1.0,0.8928571428571429,0.24,0.0
0.00013285974273458123,0.882,0.8090614886731392,1.0,0.8944543828264758,0.236,0.0
0.00013448488607537001,0.884,0.8116883116883117,1.0,0.8960573476702509,0.232,0.0
0.00013686501188203692,0.886,0.8143322475570033,1.0,0.8976660682226212,0.228,0.0
0.0001467218535253778,0.888,0.8169934640522876,1.0,0.8992805755395683,0.224,0.0
0.00015145685756579041,0.89,0.819672131147541,1.0,0.9009009009009009,0.22,0.0
0.00015549409727100283,0.892,0.8223684210526315,1.0,0.9025270758122743,0.216,0.0
0.00016642540867906064,0.894,0.8250825082508251,1.0,0.9041591320072333,0.212,0.0
0.0001765851047821343,0.896,0.8278145695364238,1.0,0.9057971014492754,0.208,0.0
0.00018269957217853516,0.898,0.8305647840531561,1.0,0.9074410163339383,0.204,0.0
0.00020646025950554758,0.9,0.8333333333333334,1.0,0.9090909090909091,0.2,0.0
0.00020766418310813606,0.902,0.8361204013377926,1.0,0.9107468123861566,0.196,0.0
0.00021144517813809216,0.904,0.8389261744966443,1.0,0.9124087591240876,0.192,0.0
0.0002161111042369157,0.906,0.8417508417508418,1.0,0.9140767824497258,0.188,0.0
0.00022365014592651278,0.908,0.8445945945945946,1.0,0.9157509157509157,0.184,0.0
0.00027038375264965,0.91,0.847457627118644,1.0,0.9174311926605505,0.18,0.0
0.00029637894476763904,0.912,0.8503401360544217,1.0,0.9191176470588235,0.176,0.0
0.00031172565650194883,0.914,0.8532423208191127,1.0,0.9208103130755064,0.172,0.0
0.0003276883508078754,0.916,0.8561643835616438,1.0,0.922509225092251,0.168,0.0
0.00032885410473681986,0.918,0.8591065292096219,1.0,0.9242144177449169,0.164,0.0
0.0003312133194413036,0.92,0.8620689655172413,1.0,0.9259259259259259,0.16,0.0
0.0005577859119512141,0.922,0.8650519031141869,1.0,0.9276437847866419,0.156,0.0
0.0005755352322012186,0.924,0.8680555555555556,1.0,0.929368029739777,0.152,0.0
0.0005805227556265891,0.926,0.8710801393728222,1.0,0.931098696461825,0.148,0.0
0.0006238861242309213,0.928,0.8741258741258742,1.0,0.9328358208955224,0.144,0.0
0.0006759150419384241,0.93,0.8771929824561403,1.0,0.9345794392523364,0.14,0.0
0.0006852042279206216,0.932,0.8802816901408451,1.0,0.9363295880149812,0.136,0.0
0.0008414687472395599,0.934,0.8833922261484098,1.0,0.9380863039399625,0.132,0.0
0.0008819657377898693,0.932,0.8829787234042553,0.996,0.9360902255639098,0.132,0.004
0.0013301604194566607,0.934,0.8861209964412812,0.996,0.9378531073446328,0.128,0.004
0.0017270270036533475,0.936,0.8892857142857142,0.996,0.939622641509434,0.124,0.004
0.0022597084753215313,0.938,0.8924731182795699,0.996,0.941398865784499,0.12,0.004
0.0024757867213338614,0.94,0.89568345323741,0.996,0.9431818181818182,0.116,0.004
0.002507731318473816,0.942,0.8989169675090253,0.996,0.9449715370018975,0.112,0.004
0.0028862215112894773,0.944,0.9021739130434783,0.996,0.9467680608365019,0.108,0.004
0.003013968002051115,0.946,0.9054545454545454,0.996,0.9485714285714286,0.104,0.004
0.0030975565314292908,0.948,0.9087591240875912,0.996,0.950381679389313,0.1,0.004
0.003381098620593548,0.95,0.9120879120879121,0.996,0.9521988527724665,0.096,0.004
0.003411747282370925,0.952,0.9154411764705882,0.996,0.9540229885057471,0.092,0.004
0.004719150718301535,0.954,0.9188191881918819,0.996,0.9558541266794626,0.088,0.004
0.006351006217300892,0.956,0.9222222222222223,0.996,0.9576923076923077,0.084,0.004
0.006713490467518568,0.958,0.9256505576208178,0.996,0.9595375722543352,0.08,0.004
0.008222025819122791,0.96,0.9291044776119403,0.996,0.9613899613899614,0.076,0.004
0.012118867598474026,0.962,0.9325842696629213,0.996,0.9632495164410058,0.072,0.004
0.013127515092492104,0.964,0.9360902255639098,0.996,0.9651162790697675,0.068,0.004
0.013345455750823021,0.966,0.939622641509434,0.996,0.9669902912621359,0.064,0.004
0.014027063734829426,0.968,0.9431818181818182,0.996,0.9688715953307393,0.06,0.004
0.014862330630421638,0.97,0.9467680608365019,0.996,0.9707602339181286,0.056,0.004
0.015219299122691154,0.972,0.950381679389313,0.996,0.97265625,0.052,0.004
0.017073901370167732,0.974,0.9540229885057471,0.996,0.974559686888454,0.048,0.004
0.0209762342274189,0.976,0.9576923076923077,0.996,0.9764705882352941,0.044,0.004
0.02604966051876545,0.978,0.9613899613899614,0.996,0.9783889980353635,0.04,0.004
0.026722026988863945,0.98,0.9651162790697675,0.996,0.9803149606299213,0.036,0.004
0.029921067878603935,0.982,0.9688715953307393,0.996,0.9822485207100592,0.032,0.004
0.03799957036972046,0.98,0.96875,0.992,0.9802371541501976,0.032,0.008
0.03914574533700943,0.982,0.9725490196078431,0.992,0.9821782178217822,0.028,0.008
0.045924268662929535,0.984,0.9763779527559056,0.992,0.9841269841269841,0.024,0.008
0.05086318403482437,0.982,0.9762845849802372,0.988,0.9821073558648111,0.024,0.012
0.0639474093914032,0.98,0.9761904761904762,0.984,0.9800796812749004,0.024,0.016
0.07587022334337234,0.978,0.9760956175298805,0.98,0.9780439121756487,0.024,0.02
0.08079195022583008,0.976,0.976,0.976,0.976,0.024,0.024
0.08549392968416214,0.974,0.9759036144578314,0.972,0.9739478957915831,0.024,0.028
0.09436165541410446,0.972,0.9758064516129032,0.968,0.9718875502008032,0.024,0.032
0.10628598183393478,0.97,0.9757085020242915,0.964,0.9698189134808853,0.024,0.036
0.11328280717134476,0.972,0.9796747967479674,0.964,0.9717741935483871,0.02,0.036
0.11414070427417755,0.97,0.9795918367346939,0.96,0.9696969696969697,0.02,0.04
0.11779619753360748,0.968,0.9795081967213115,0.956,0.9676113360323887,0.02,0.044
0.11973349750041962,0.966,0.9794238683127572,0.952,0.9655172413793104,0.02,0.048
0.12007639557123184,0.968,0.9834710743801653,0.952,0.967479674796748,0.016,0.048
0.12228084355592728,0.966,0.983402489626556,0.948,0.9653767820773931,0.016,0.052
0.14829455316066742,0.964,0.9833333333333333,0.944,0.963265306122449,0.016,0.056
0.18447302281856537,0.962,0.9832635983263598,0.94,0.9611451942740287,0.016,0.06
0.20032243430614471,0.96,0.9831932773109243,0.936,0.9590163934426229,0.016,0.064
0.20467540621757507,0.958,0.9831223628691983,0.932,0.9568788501026694,0.016,0.068
0.21497780084609985,0.956,0.9830508474576272,0.928,0.9547325102880658,0.016,0.072
0.22224853932857513,0.958,0.9872340425531915,0.928,0.9567010309278351,0.012,0.072
0.2317778468132019,0.956,0.9871794871794872,0.924,0.9545454545454546,0.012,0.076
0.25289708375930786,0.954,0.9871244635193133,0.92,0.9523809523809523,0.012,0.08
0.2550666034221649,0.956,0.9913793103448276,0.92,0.9543568464730291,0.008,0.08
0.25619158148765564,0.954,0.9913419913419913,0.916,0.9521829521829522,0.008,0.084
0.2637301981449127,0.952,0.991304347826087,0.912,0.95,0.008,0.088
0.2650139629840851,0.95,0.9912663755458515,0.908,0.9478079331941545,0.008,0.092
0.26889535784721375,0.948,0.9912280701754386,0.904,0.9456066945606695,0.008,0.096
0.31791970133781433,0.946,0.9911894273127754,0.9,0.9433962264150944,0.008,0.1
0.3370763957500458,0.944,0.9911504424778761,0.896,0.9411764705882353,0.008,0.104
0.35633641481399536,0.942,0.9911111111111112,0.892,0.9389473684210526,0.008,0.108
0.35815390944480896,0.94,0.9910714285714286,0.888,0.9367088607594937,0.008,0.112
0.3767733573913574,0.938,0.9910313901345291,0.884,0.9344608879492601,0.008,0.116
0.37776321172714233,0.936,0.990990990990991,0.88,0.9322033898305084,0.008,0.12
0.3881036937236786,0.934,0.9909502262443439,0.876,0.9299363057324841,0.008,0.124
0.3928813934326172,0.932,0.990909090909091,0.872,0.9276595744680851,0.008,0.128
0.4098300039768219,0.93,0.9908675799086758,0.868,0.9253731343283582,0.008,0.132
0.412919282913208,0.928,0.9908256880733946,0.864,0.9230769230769231,0.008,0.136
0.43356087803840637,0.926,0.9907834101382489,0.86,0.9207708779443254,0.008,0.14
0.4355256259441376,0.924,0.9907407407407407,0.856,0.9184549356223176,0.008,0.144
0.46506598591804504,0.922,0.9906976744186047,0.852,0.9161290322580645,0.008,0.148
0.46996936202049255,0.92,0.9906542056074766,0.848,0.9137931034482759,0.008,0.152
0.47167882323265076,0.918,0.9906103286384976,0.844,0.9114470842332614,0.008,0.156
0.47474193572998047,0.916,0.9905660377358491,0.84,0.9090909090909091,0.008,0.16
0.49365559220314026,0.914,0.990521327014218,0.836,0.9067245119305857,0.008,0.164
0.4972822070121765,0.912,0.9904761904761905,0.832,0.9043478260869565,0.008,0.168
0.5020561218261719,0.91,0.9904306220095693,0.828,0.9019607843137255,0.008,0.172
0.5024022459983826,0.908,0.9903846153846154,0.824,0.8995633187772926,0.008,0.176
0.5035048723220825,0.906,0.9903381642512077,0.82,0.8971553610503282,0.008,0.18
0.5092809796333313,0.904,0.9902912621359223,0.816,0.8947368421052632,0.008,0.184
0.5093976259231567,0.902,0.9902439024390244,0.812,0.8923076923076924,0.008,0.188
0.5101650953292847,0.9,0.9901960784313726,0.808,0.8898678414096917,0.008,0.192
0.5103173851966858,0.898,0.9901477832512315,0.804,0.8874172185430463,0.008,0.196
0.5107376575469971,0.896,0.9900990099009901,0.8,0.8849557522123894,0.008,0.2
0.5202078223228455,0.894,0.9900497512437811,0.796,0.8824833702882483,0.008,0.204
0.5243639945983887,0.892,0.99,0.792,0.88,0.008,0.208
0.5275766253471375,0.89,0.9899497487437185,0.788,0.8775055679287305,0.008,0.212
0.5418720245361328,0.888,0.98989898989899,0.784,0.875,0.008,0.216
0.5445718765258789,0.886,0.9898477157360406,0.78,0.87248322147651,0.008,0.22
0.5473576784133911,0.884,0.9897959183673469,0.776,0.8699551569506726,0.008,0.224
0.5479413866996765,0.882,0.9897435897435898,0.772,0.8674157303370786,0.008,0.228
0.5479798316955566,0.88,0.9896907216494846,0.768,0.8648648648648649,0.008,0.232
0.5490630865097046,0.878,0.9896373056994818,0.764,0.8623024830699775,0.008,0.236
0.5496565103530884,0.876,0.9895833333333334,0.76,0.8597285067873304,0.008,0.24
0.5498618483543396,0.874,0.9895287958115183,0.756,0.8571428571428571,0.008,0.244
0.5509746670722961,0.872,0.9894736842105263,0.752,0.8545454545454545,0.008,0.248
0.5518913269042969,0.87,0.9894179894179894,0.748,0.8519362186788155,0.008,0.252
0.5524547100067139,0.868,0.9893617021276596,0.744,0.8493150684931506,0.008,0.256
0.556583046913147,0.866,0.9893048128342246,0.74,0.8466819221967964,0.008,0.26
0.5577824711799622,0.864,0.989247311827957,0.736,0.8440366972477065,0.008,0.264
0.557816207408905,0.862,0.9891891891891892,0.732,0.8413793103448276,0.008,0.268
0.5578373074531555,0.86,0.9891304347826086,0.728,0.8387096774193549,0.008,0.272
0.5625307559967041,0.858,0.9890710382513661,0.724,0.836027713625866,0.008,0.276
0.5629852414131165,0.856,0.989010989010989,0.72,0.8333333333333334,0.008,0.28
0.5666590332984924,0.854,0.988950276243094,0.716,0.8306264501160093,0.008,0.284
0.57053542137146,0.852,0.9888888888888889,0.712,0.827906976744186,0.008,0.288
0.5726141929626465,0.85,0.9888268156424581,0.708,0.8251748251748252,0.008,0.292
0.5726830363273621,0.848,0.9887640449438202,0.704,0.822429906542056,0.008,0.296
0.574664831161499,0.846,0.9887005649717514,0.7,0.819672131147541,0.008,0.3
0.5747256278991699,0.844,0.9886363636363636,0.696,0.8169014084507042,0.008,0.304
0.5795861482620239,0.842,0.9885714285714285,0.692,0.8141176470588235,0.008,0.308
0.5803970694541931,0.84,0.9885057471264368,0.688,0.8113207547169812,0.008,0.312
0.5818341970443726,0.838,0.9884393063583815,0.684,0.8085106382978723,0.008,0.316
0.5820344686508179,0.836,0.9883720930232558,0.68,0.8056872037914692,0.008,0.32
0.5822851657867432,0.834,0.9883040935672515,0.676,0.8028503562945368,0.008,0.324
0.5848819017410278,0.832,0.9882352941176471,0.672,0.8,0.008,0.328
0.5854207277297974,0.83,0.9881656804733728,0.668,0.7971360381861575,0.008,0.332
0.586191713809967,0.828,0.9880952380952381,0.664,0.7942583732057417,0.008,0.336
0.5881427526473999,0.826,0.9880239520958084,0.66,0.7913669064748201,0.008,0.34
0.5883418917655945,0.824,0.9879518072289156,0.656,0.7884615384615384,0.008,0.344
0.5906640291213989,0.822,0.9878787878787879,0.652,0.7855421686746988,0.008,0.348
0.5908559560775757,0.82,0.9878048780487805,0.648,0.782608695652174,0.008,0.352
0.5926398038864136,0.818,0.9877300613496932,0.644,0.7796610169491526,0.008,0.356
0.5932914018630981,0.816,0.9876543209876543,0.64,0.7766990291262136,0.008,0.36
0.5947661399841309,0.814,0.9875776397515528,0.636,0.7737226277372263,0.008,0.364
0.5955504179000854,0.812,0.9875,0.632,0.7707317073170732,0.008,0.368
0.5969778299331665,0.81,0.9874213836477987,0.628,0.7677261613691931,0.008,0.372
0.5995122194290161,0.808,0.9873417721518988,0.624,0.7647058823529411,0.008,0.376
0.6014421582221985,0.806,0.9872611464968153,0.62,0.7616707616707616,0.008,0.38
0.602075457572937,0.804,0.9871794871794872,0.616,0.7586206896551724,0.008,0.384
0.6024636030197144,0.802,0.9870967741935484,0.612,0.7555555555555555,0.008,0.388
0.6030373573303223,0.8,0.987012987012987,0.608,0.7524752475247525,0.008,0.392
0.603837251663208,0.798,0.9869281045751634,0.604,0.749379652605459,0.008,0.396
0.6051294207572937,0.796,0.9868421052631579,0.6,0.746268656716418,0.008,0.4
0.6068196892738342,0.794,0.9867549668874173,0.596,0.743142144638404,0.008,0.404
0.6084010004997253,0.792,0.9866666666666667,0.592,0.74,0.008,0.408
0.609527587890625,0.79,0.9865771812080537,0.588,0.7368421052631579,0.008,0.412
0.609581470489502,0.788,0.9864864864864865,0.584,0.7336683417085427,0.008,0.416
0.6122413873672485,0.786,0.9863945578231292,0.58,0.7304785894206549,0.008,0.42
0.6125726699829102,0.784,0.9863013698630136,0.576,0.7272727272727273,0.008,0.424
0.6126202940940857,0.782,0.9862068965517241,0.572,0.7240506329113924,0.008,0.428
0.6137953996658325,0.78,0.9861111111111112,0.568,0.7208121827411168,0.008,0.432
0.6161792278289795,0.778,0.986013986013986,0.564,0.7175572519083969,0.008,0.436
0.6166523098945618,0.776,0.9859154929577465,0.56,0.7142857142857143,0.008,0.44
0.6194238662719727,0.774,0.9858156028368794,0.556,0.710997442455243,0.008,0.444
0.6199774742126465,0.772,0.9857142857142858,0.552,0.7076923076923077,0.008,0.448
0.6201655864715576,0.77,0.9856115107913669,0.548,0.7043701799485861,0.008,0.452
0.6209665536880493,0.768,0.9855072463768116,0.544,0.7010309278350515,0.008,0.456
0.6210777759552002,0.766,0.9854014598540146,0.54,0.6976744186046512,0.008,0.46
0.6213629841804504,0.764,0.9852941176470589,0.536,0.694300518134715,0.008,0.464
0.621787428855896,0.762,0.9851851851851852,0.532,0.6909090909090909,0.008,0.468
0.6222758293151855,0.76,0.9850746268656716,0.528,0.6875,0.008,0.472
0.623160183429718,0.758,0.9849624060150376,0.524,0.6840731070496083,0.008,0.476
0.6237205266952515,0.756,0.9848484848484849,0.52,0.680628272251309,0.008,0.48
0.6237937211990356,0.754,0.9847328244274809,0.516,0.6771653543307087,0.008,0.484
0.6251459121704102,0.752,0.9846153846153847,0.512,0.6736842105263158,0.008,0.488
0.625479519367218,0.75,0.9844961240310077,0.508,0.6701846965699209,0.008,0.492
0.6256220936775208,0.748,0.984375,0.504,0.6666666666666666,0.008,0.496
0.6265937685966492,0.746,0.984251968503937,0.5,0.6631299734748011,0.008,0.5
0.6275607943534851,0.744,0.9841269841269841,0.496,0.6595744680851063,0.008,0.504
0.6282825469970703,0.742,0.984,0.492,0.656,0.008,0.508
0.6299850344657898,0.74,0.9838709677419355,0.488,0.6524064171122995,0.008,0.512
0.6313778758049011,0.738,0.983739837398374,0.484,0.6487935656836461,0.008,0.516
0.633462131023407,0.736,0.9836065573770492,0.48,0.6451612903225806,0.008,0.52
0.6335485577583313,0.734,0.9834710743801653,0.476,0.6415094339622641,0.008,0.524
0.6339511275291443,0.732,0.9833333333333333,0.472,0.6378378378378379,0.008,0.528
0.6347424983978271,0.73,0.9831932773109243,0.468,0.6341463414634146,0.008,0.532
0.6361364126205444,0.728,0.9830508474576272,0.464,0.6304347826086957,0.008,0.536
0.6379761695861816,0.726,0.9829059829059829,0.46,0.6267029972752044,0.008,0.54
0.6389539241790771,0.724,0.9827586206896551,0.456,0.6229508196721312,0.008,0.544
0.6393090486526489,0.722,0.9826086956521739,0.452,0.6191780821917808,0.008,0.548
0.6407198905944824,0.72,0.9824561403508771,0.448,0.6153846153846154,0.008,0.552
0.6408578157424927,0.718,0.9823008849557522,0.444,0.6115702479338843,0.008,0.556
0.6423010230064392,0.716,0.9821428571428571,0.44,0.6077348066298343,0.008,0.56
0.6423535943031311,0.714,0.9819819819819819,0.436,0.6038781163434903,0.008,0.564
0.6425561904907227,0.712,0.9818181818181818,0.432,0.6,0.008,0.568
0.643035888671875,0.71,0.981651376146789,0.428,0.596100278551532,0.008,0.572
0.6455521583557129,0.708,0.9814814814814815,0.424,0.5921787709497207,0.008,0.576
0.6472791433334351,0.706,0.9813084112149533,0.42,0.5882352941176471,0.008,0.58
0.6484556198120117,0.704,0.9811320754716981,0.416,0.5842696629213483,0.008,0.584
0.6491308212280273,0.702,0.9809523809523809,0.412,0.5802816901408451,0.008,0.588
0.6500670313835144,0.7,0.9807692307692307,0.408,0.576271186440678,0.008,0.592
0.6507335901260376,0.698,0.9805825242718447,0.404,0.5722379603399433,0.008,0.596
0.6508255004882812,0.696,0.9803921568627451,0.4,0.5681818181818182,0.008,0.6
0.6510872840881348,0.694,0.9801980198019802,0.396,0.5641025641025641,0.008,0.604
0.6511234045028687,0.692,0.98,0.392,0.56,0.008,0.608
0.6524251699447632,0.69,0.9797979797979798,0.388,0.5558739255014327,0.008,0.612
0.6528949737548828,0.688,0.9795918367346939,0.384,0.5517241379310345,0.008,0.616
0.6562128067016602,0.686,0.979381443298969,0.38,0.547550432276657,0.008,0.62
0.6581332683563232,0.684,0.9791666666666666,0.376,0.5433526011560693,0.008,0.624
0.6582576036453247,0.682,0.9789473684210527,0.372,0.5391304347826087,0.008,0.628
0.6592163443565369,0.68,0.9787234042553191,0.368,0.5348837209302325,0.008,0.632
0.6604459881782532,0.678,0.978494623655914,0.364,0.5306122448979592,0.008,0.636
0.6610530614852905,0.676,0.9782608695652174,0.36,0.5263157894736842,0.008,0.64
0.663573145866394,0.674,0.978021978021978,0.356,0.5219941348973607,0.008,0.644
0.6652781963348389,0.672,0.9777777777777777,0.352,0.5176470588235295,0.008,0.648
0.6679754257202148,0.67,0.9775280898876404,0.348,0.5132743362831859,0.008,0.652
0.6681554317474365,0.668,0.9772727272727273,0.344,0.5088757396449705,0.008,0.656
0.6693135499954224,0.666,0.9770114942528736,0.34,0.5044510385756676,0.008,0.66
0.6696511507034302,0.664,0.9767441860465116,0.336,0.5,0.008,0.664
0.6709319353103638,0.662,0.9764705882352941,0.332,0.4955223880597015,0.008,0.668
0.6726552248001099,0.66,0.9761904761904762,0.328,0.49101796407185627,0.008,0.672
0.6750775575637817,0.658,0.9759036144578314,0.324,0.4864864864864865,0.008,0.676
0.6754693984985352,0.656,0.975609756097561,0.32,0.4819277108433735,0.008,0.68
0.676079273223877,0.654,0.9753086419753086,0.316,0.4773413897280967,0.008,0.684
0.6765819191932678,0.652,0.975,0.312,0.4727272727272727,0.008,0.688
0.6771574020385742,0.65,0.9746835443037974,0.308,0.46808510638297873,0.008,0.692
0.6787649393081665,0.648,0.9743589743589743,0.304,0.4634146341463415,0.008,0.696
0.681191086769104,0.646,0.974025974025974,0.3,0.45871559633027525,0.008,0.7
0.6840675473213196,0.644,0.9736842105263158,0.296,0.4539877300613497,0.008,0.704
0.6859146356582642,0.642,0.9733333333333334,0.292,0.4492307692307692,0.008,0.708
0.6870836019515991,0.64,0.972972972972973,0.288,0.4444444444444444,0.008,0.712
0.6907830834388733,0.638,0.9726027397260274,0.284,0.43962848297213625,0.008,0.716
0.6923519968986511,0.636,0.9722222222222222,0.28,0.43478260869565216,0.008,0.72
0.6941349506378174,0.634,0.971830985915493,0.276,0.42990654205607476,0.008,0.724
0.698662519454956,0.632,0.9714285714285714,0.272,0.425,0.008,0.728
0.6998773813247681,0.63,0.9710144927536232,0.268,0.4200626959247649,0.008,0.732
0.7007876038551331,0.628,0.9705882352941176,0.264,0.41509433962264153,0.008,0.736
0.7012978196144104,0.626,0.9701492537313433,0.26,0.41009463722397477,0.008,0.74
0.7027303576469421,0.624,0.9696969696969697,0.256,0.4050632911392405,0.008,0.744
0.7034964561462402,0.622,0.9692307692307692,0.252,0.4,0.008,0.748
0.7060778141021729,0.62,0.96875,0.248,0.39490445859872614,0.008,0.752
0.7061302661895752,0.618,0.9682539682539683,0.244,0.38977635782747605,0.008,0.756
0.7080178260803223,0.616,0.967741935483871,0.24,0.38461538461538464,0.008,0.76
0.7087244391441345,0.614,0.9672131147540983,0.236,0.37942122186495175,0.008,0.764
0.7110898494720459,0.612,0.9666666666666667,0.232,0.3741935483870968,0.008,0.768
0.7120732069015503,0.61,0.9661016949152542,0.228,0.36893203883495146,0.008,0.772
0.7137538194656372,0.608,0.9655172413793104,0.224,0.36363636363636365,0.008,0.776
0.7137893438339233,0.606,0.9649122807017544,0.22,0.3583061889250814,0.008,0.78
0.7152832746505737,0.604,0.9642857142857143,0.216,0.35294117647058826,0.008,0.784
0.7176804542541504,0.602,0.9636363636363636,0.212,0.3475409836065574,0.008,0.788
0.7217177152633667,0.6,0.9629629629629629,0.208,0.34210526315789475,0.008,0.792
0.722311794757843,0.598,0.9622641509433962,0.204,0.33663366336633666,0.008,0.796
0.7251229286193848,0.596,0.9615384615384616,0.2,0.33112582781456956,0.008,0.8
0.7269678115844727,0.594,0.9607843137254902,0.196,0.32558139534883723,0.008,0.804
0.7303115129470825,0.592,0.96,0.192,0.32,0.008,0.808
0.7394168376922607,0.59,0.9591836734693877,0.188,0.31438127090301005,0.008,0.812
0.7456873655319214,0.588,0.9583333333333334,0.184,0.3087248322147651,0.008,0.816
0.7489920854568481,0.586,0.9574468085106383,0.18,0.30303030303030304,0.008,0.82
0.7495799660682678,0.584,0.9565217391304348,0.176,0.2972972972972973,0.008,0.824
0.7500065565109253,0.582,0.9555555555555556,0.172,0.29152542372881357,0.008,0.828
0.7527211308479309,0.58,0.9545454545454546,0.168,0.2857142857142857,0.008,0.832
0.7566725015640259,0.578,0.9534883720930233,0.164,0.27986348122866894,0.008,0.836
0.7612899541854858,0.576,0.9523809523809523,0.16,0.273972602739726,0.008,0.84
0.7631183862686157,0.574,0.9512195121951219,0.156,0.26804123711340205,0.008,0.844
0.7644826173782349,0.576,0.975,0.156,0.2689655172413793,0.004,0.844
0.76503586769104,0.574,0.9743589743589743,0.152,0.2629757785467128,0.004,0.848
0.7676085233688354,0.572,0.9736842105263158,0.148,0.2569444444444444,0.004,0.852
0.76900714635849,0.57,0.972972972972973,0.144,0.2508710801393728,0.004,0.856
0.7740955352783203,0.568,0.9722222222222222,0.14,0.24475524475524477,0.004,0.86
0.7814657092094421,0.566,0.9714285714285714,0.136,0.23859649122807017,0.004,0.864
0.7856089472770691,0.568,1.0,0.136,0.23943661971830985,0.0,0.864
0.7868226766586304,0.566,1.0,0.132,0.2332155477031802,0.0,0.868
0.7872778177261353,0.564,1.0,0.128,0.22695035460992907,0.0,0.872
0.7880598902702332,0.562,1.0,0.124,0.2206405693950178,0.0,0.876
0.7889912724494934,0.56,1.0,0.12,0.21428571428571427,0.0,0.88
0.7976940870285034,0.558,1.0,0.116,0.2078853046594982,0.0,0.884
0.8000054359436035,0.556,1.0,0.112,0.2014388489208633,0.0,0.888
0.8013567924499512,0.554,1.0,0.108,0.19494584837545126,0.0,0.892
0.8053545355796814,0.552,1.0,0.104,0.18840579710144928,0.0,0.896
0.8077612519264221,0.55,1.0,0.1,0.18181818181818182,0.0,0.9
0.8086560964584351,0.548,1.0,0.096,0.17518248175182483,0.0,0.904
0.8166759014129639,0.546,1.0,0.092,0.1684981684981685,0.0,0.908
0.8377295732498169,0.544,1.0,0.088,0.16176470588235295,0.0,0.912
0.8399885296821594,0.542,1.0,0.084,0.15498154981549817,0.0,0.916
0.8446394801139832,0.54,1.0,0.08,0.14814814814814814,0.0,0.92
0.8450551629066467,0.538,1.0,0.076,0.1412639405204461,0.0,0.924
0.8463985323905945,0.536,1.0,0.072,0.13432835820895522,0.0,0.928
0.8711094856262207,0.534,1.0,0.068,0.12734082397003746,0.0,0.932
0.8732013702392578,0.532,1.0,0.064,0.12030075187969924,0.0,0.936
0.8759942650794983,0.53,1.0,0.06,0.11320754716981132,0.0,0.94
0.8878397941589355,0.528,1.0,0.056,0.10606060606060606,0.0,0.944
0.8919150233268738,0.526,1.0,0.052,0.09885931558935361,0.0,0.948
0.8982033133506775,0.524,1.0,0.048,0.0916030534351145,0.0,0.952
0.9286285638809204,0.522,1.0,0.044,0.0842911877394636,0.0,0.956
0.9407720565795898,0.52,1.0,0.04,0.07692307692307693,0.0,0.96
0.9436643123626709,0.518,1.0,0.036,0.0694980694980695,0.0,0.964
0.9455733299255371,0.516,1.0,0.032,0.06201550387596899,0.0,0.968
0.9471996426582336,0.514,1.0,0.028,0.054474708171206226,0.0,0.972
0.9549745321273804,0.512,1.0,0.024,0.046875,0.0,0.976
0.960563063621521,0.51,1.0,0.02,0.0392156862745098,0.0,0.98
0.9684310555458069,0.508,1.0,0.016,0.031496062992125984,0.0,0.984
0.9692632555961609,0.506,1.0,0.012,0.023715415019762844,0.0,0.988
0.9692773222923279,0.504,1.0,0.008,0.015873015873015872,0.0,0.992
0.9801895022392273,0.502,1.0,0.004,0.00796812749003984,0.0,0.996
1.0,0.5,0.0,0.0,0.0,0.0,1.0
